{"Hortaleza":600523.404,"Villa De Vallecas":284365.4,"Ciudad Lineal":740880.67942,"Arganzuela":1013065.9000000001,"Usera":409087.9,"Centro":3196081.7,"Fuencarral-El Pardo":1212987.5000000002,"Barajas":412261.05600000004,"Vicalvaro":448923.8334000001,"Latina":503800.7,"Puente De Vallecas":364620.6999999999,"Moratalaz":96524,"Retiro":2349975.8000000003,"Carabanchel":183328.7,"Chambera":18616.000000000004,"San Blas-Canillejas":365770.3,"Villaverde":426448,"Tetuan":150858}